"","X1560850_at","X1557843_at","X229381_at","X1553622_a_at","X204273_at","X230800_at","X211734_s_at","X214156_at","X209945_s_at","X228618_at","X206201_s_at","X220225_at","X228554_at","X213712_at","X226814_at","X206702_at","X205009_at","X204623_at","X220581_at","X211248_s_at","X209560_s_at","dataY"
"GSM1116084_BC04_ARN0001_s1h1s1_U133p2.CEL.gz",3.45996702051319,2.76736319736481,5.91386704368479,3.24670821478775,4.75360847552827,6.67880141710728,4.22362976079437,3.01766330784528,8.38586688205966,4.99387192938814,4.10030147855896,8.03563858961189,4.08624441250708,3.69086265088328,6.19279604079192,5.2128790525779,4.07659758336257,4.98064111796248,4.04010845648697,5.0414795894825,3.84346975775725,1
"GSM1116085_BC04_ARN0002_s1h1s1_U133p2.CEL.gz",3.15199109924286,3.13730444300128,5.55900969771757,2.98792895397983,3.82839003645445,6.324983457726,3.71033509425072,2.88792794906847,8.34369176498835,4.9357476450922,3.05586412529362,4.41824045170185,3.7407013219195,3.70997507357948,6.34832724742077,4.46325317977186,4.11031789453978,5.43424230552267,3.96099955055128,4.4752204385257,3.71807653221906,1
"GSM1116085_BC16_ARN0062_s1h1s1_U133p2.CEL.gz",3.22746363439757,3.06911932496149,4.95917635819253,3.01581119540808,3.76729092503748,6.1383691812158,3.68672724184886,3.26455110067103,8.01916198982717,5.08572527873229,3.25340219616761,4.12282267199649,4.01092903407956,3.53882867520995,6.13189372026998,4.52312852979263,4.39659280677351,5.32903397066002,4.17372679831362,4.62703369119834,3.79732088861458,1
"GSM1116086_BC04_ARN0003_s1h1s1_U133p2.CEL.gz",4.46292681373819,3.63953814724703,8.43393739374952,4.80485870400551,3.68346760295905,6.53014081078694,3.89615000540638,3.41189580941458,8.1647647248894,5.21538697300259,2.88566341718338,6.00328938173175,4.20263768843244,3.61015684594377,5.69842467480202,5.56085970808859,8.24276594381861,10.1106838153939,4.47819469505643,5.63760724952529,4.05122762618182,1
"GSM1116087_BC04_ARN0004_s1h1s1_U133p2.CEL.gz",3.50288802089913,3.08280450126779,5.80703252403541,3.12771466837076,8.01332145042964,6.21816050878492,3.38945580416609,3.21203692337433,8.37348752939496,5.20134777399282,2.6975224617899,5.80083718879094,4.05410524701913,3.8152919953589,7.78677974464309,4.59462952142589,4.48428074133194,5.69653098224418,4.18825891260888,4.43183854368362,3.78273998467044,1
"GSM1116087_BC16_ARN0110_s1h1s1_U133p2.CEL.gz",3.47585921030823,3.01918023835365,5.41091910402153,3.11825892229065,7.59040638143271,6.35442457592682,3.49858666816611,3.49551604283326,7.6770896462923,4.59227231476629,2.84238999849707,5.7658682438721,3.92575263362963,3.64067113879399,7.75058105739819,4.58672730700213,4.32435757471031,5.6903288080979,4.14135121800911,4.42913390996146,3.84412067242212,1
"GSM1116088_BC04_ARN0005_s1h1s1_U133p2.CEL.gz",3.44228005672021,2.94243304345244,6.53340476447923,6.49121534453831,3.88120695826931,6.59421263185151,3.46282921548772,3.0337948362348,8.87531862065373,7.24593532380591,3.04609362741908,5.01256293575659,3.98619580807765,3.56168352630348,5.31203176652298,5.25253061778871,9.28888926719955,9.77480496278623,4.18577623214865,4.83793029414347,4.73834250662072,1
"GSM1116088_BC16_ARN0103_s1h1s1_U133p2.CEL.gz",3.48076222649942,2.92381131424917,6.42381593175529,6.01839206888587,4.49723030771628,6.2690298005071,3.56192750914045,3.19098016552148,8.72408249593496,7.22706454583381,2.72653669072585,5.17553757183773,4.08993116543755,3.88750538189785,5.45808663176883,5.31258023799846,9.56802360231923,9.62431589084326,4.17209255307173,4.82583958109588,4.51386223221296,1
"GSM1116089_BC04_ARN0006_s1h1s1_U133p2.CEL.gz",4.54276110982826,2.94176627861632,5.34268586892417,3.62113855967293,4.22053837512757,7.18513430479372,3.77697542579448,3.03065986923502,8.35062105905183,6.14214496083042,2.91672807948555,3.90828210797617,4.18669811339468,3.49001639030078,7.5966723347114,5.7267546216574,10.3786089297144,11.1445495350769,4.07413978208217,5.88487236270636,3.79475222538151,1
"GSM1116089_BC16_ARN0097_s1h1s1_U133p2.CEL.gz",4.51251619047751,2.88740974535311,5.43978680707257,3.54673184277775,4.13776992990238,7.18827549896625,3.60809471771676,3.0698243383988,8.13883435950071,5.74905459756557,2.86282298765297,4.46096531797012,4.2836730768443,3.59561001721651,7.34533820111708,6.02837378072616,10.4281509304858,11.1617854312799,4.249158686876,5.88141127459487,4.11670170246483,1
"GSM1116090_BC04_ARN0007_s1h1s1_U133p2.CEL.gz",3.06691395874882,2.94975568148377,5.22084922671231,3.12467605525972,3.48207174095181,6.28234361443793,5.53312405994232,2.91288939205856,8.5362573634688,5.38095999394811,2.98051736560465,6.40446733124777,4.75824914576416,4.20575933202254,5.23593696970753,4.79298767805525,3.9722955453484,5.28708983846594,4.15466508120481,4.5123500261113,3.70212346491911,1
"GSM1116091_BC04_ARN0008_s1h1s1_U133p2.CEL.gz",3.02007596759633,2.95560155018153,5.63246730977919,3.04059766438478,3.45659159215248,6.39427130515906,7.0608529171014,3.20172060567172,8.48410116218189,5.1969260778641,2.96510786528233,3.9015704349034,4.1418867526338,3.63455003934056,6.41794946696252,4.92828219280884,3.98227072058633,4.79854929307416,4.4979152851147,5.08060152470552,3.71846619268556,1
"GSM1116091_BC16_ARN0049_s1h1s1_U133p2.CEL.gz",3.26382065961029,2.96607651240335,5.41572208516186,3.02030269961311,3.67873277354107,6.12016804590611,6.79105017839022,3.10011713841257,8.12468487418075,5.1055122263753,3.04253314021922,4.03036119340151,4.52696465178389,3.59135701564202,6.42919017818021,4.85266913816893,4.22150723320551,4.9087439688869,4.0677986842975,4.82538186790323,3.79772905880717,1
"GSM1116092_BC04_ARN0009_s1h1s1_U133p2.CEL.gz",3.3986928834375,3.15468215265526,5.62490794590493,3.18951234386859,3.63696747358602,6.77306543064553,7.65588831754325,3.24389309142339,8.27483546230095,5.31083634537263,11.4189081243972,4.4318174442794,3.70017910886809,6.46178861623308,9.87055777656975,4.8042131401963,4.1454812231862,6.06864206001599,4.19788943575902,4.77666072192254,13.3316336065931,1
"GSM1116093_BC04_ARN0010_s1h1s1_U133p2.CEL.gz",2.95788300892298,3.09066498798585,5.37562407505383,3.15485254216702,5.96322089477846,6.90520099464051,3.5608234833038,3.29351101264242,8.08327382923779,5.49271948429442,4.11755899895093,5.52419065256661,3.95744029619953,5.82646270102147,6.82362414301618,5.7829389401255,3.91228628881353,5.06194522342622,3.91484771324438,4.53165138454073,7.80266615235079,1
"GSM1116093_BC16_ARN0084_s1h1s1_U133p2.CEL.gz",3.34344067524185,2.94320092176218,4.93157589335397,3.18816000102556,5.94658993253336,6.80077405723269,3.92499220273209,3.45956121973649,6.88066513110173,5.18992701685467,3.32187831951878,5.95869997219332,4.16543018044668,5.0710847992906,6.43109584764107,5.98811022979988,4.59982468940098,5.66474026028623,4.22156479216539,5.0528361635996,8.08787580471746,1
"GSM1116094_BC04_ARN0011_s1h1s1_U133p2.CEL.gz",3.27969069425167,2.90222731110725,5.22472048954107,2.90470505425728,3.47774741032798,6.36985680622054,4.48045258161646,3.02312159720768,8.8517962139596,4.9206616138707,4.09476364375514,7.90175813705002,3.87282206261824,3.76979138380384,7.5283679695218,5.65177093453975,4.2123923259414,5.03311782507302,4.26489728635394,4.95544649984836,3.93323786880776,1
"GSM1116095_BC04_ARN0013_s1h1s1_U133p2.CEL.gz",3.40044850006624,3.03761816652754,6.9478122470293,3.27119046171752,4.18499939201783,6.73091417224364,5.30931315313815,3.29549496703198,7.72704552829312,5.29677867352475,4.3538754854849,5.38240229021631,4.98467502877696,3.6606081546331,6.42837678487075,5.67834748514256,6.17698149912164,10.4948492898516,4.05619779833088,5.39184698229053,4.2655698699806,1
"GSM1116095_BC16_ARN0118_s1h2s1_U133p2.CEL.gz",3.42084316083502,3.16031651076767,7.08353792289357,3.10767138207929,4.57144079772111,6.68063217971332,5.20632966315286,3.30699928944997,7.31565628590406,5.19924501008178,4.08886633540578,5.49738801357786,4.65802683862607,4.30928944025843,6.52414622866266,5.74936049030633,6.20028170963994,10.4254918863973,4.06519063126727,5.30725832966264,4.10030950889709,1
"GSM1116096_BC04_ARN0014_s1h1s1_U133p2.CEL.gz",3.26525726197456,3.75872156437199,5.86888738222834,3.30388767724189,3.88316289742812,6.43666315384322,3.8615618340116,3.37927106882099,8.73454048552022,4.97689502616307,2.98051736560465,4.04306252726899,4.16940644516053,4.87374956817853,6.03470060427911,5.45028800972108,4.75897565253973,10.7068490259774,3.90458046648575,4.83585684396025,3.77708677871603,1
"GSM1116097_BC04_ARN0015_s1h1s1_U133p2.CEL.gz",6.16158736195274,3.05370962990465,5.22747477855238,4.82538410819987,3.93852393466349,6.47939782694437,4.17437478695396,3.18172678338649,8.25664269510607,5.56991587319343,3.62474525941095,6.55239400127844,4.08134553547169,3.95182440204761,7.69919197276398,5.36443387539022,6.57871357889824,9.06387037328109,4.39246274662438,4.45769242791547,10.9231646885751,1
"GSM1116098_BC04_ARN0016_s1h1s1_U133p2.CEL.gz",3.92035794760313,4.9607116722686,5.65257963782404,3.27743404371531,3.62216865941434,6.4589235524677,4.28388326132386,3.09028212924109,8.37093545595556,4.95774595581773,2.73319490452462,6.16935456834884,6.69917858810599,3.71854163442511,5.55467721516584,4.77923289387363,4.3690469720876,10.1782653697246,5.28777698909814,6.33752822420643,4.35506341772798,1
"GSM1116099_BC04_ARN0017_s1h1s1_U133p2.CEL.gz",3.37588402348762,2.92763284677426,5.16114841748361,3.18405192994198,4.19724406055341,6.37224831938962,3.57071739842629,7.29259610449184,8.73292295835802,5.30414516198751,3.03621582151208,5.78198965177336,3.95031043573688,5.74592345767339,6.65826049332695,5.00232209297164,4.20725059033568,5.61526615588549,3.8810957166978,4.40190084101634,5.59391205359773,1
"GSM1116099_BC16_ARN0042_s1h1s1_U133p2.CEL.gz",3.51247536043954,3.17637977070607,4.96607688014947,2.91043819286651,3.92210277608386,6.08097321617984,3.84779479455528,7.57813155143627,8.43175034666113,5.07919369266244,3.176147699629,5.89937837693722,4.06400305889688,5.57783481313364,6.53964686501299,5.20293698933701,4.15748868202615,5.0769537408452,4.42770882046282,4.70519489032419,5.78617133525795,1
"GSM1116100_BC04_ARN0018_s1h1s1_U133p2.CEL.gz",5.79780502278213,3.05196320304044,5.25284880558014,4.49974672358219,4.20903524211897,6.46479184579887,3.63325265600364,3.18318379245344,8.48604549981572,5.34605965135425,3.03943576508677,4.28677519237895,3.87677179424095,3.53847558234867,6.89259618444391,5.40903423449857,4.96368566102603,9.55092962490792,4.47495813144226,4.74675067916481,9.2379507767352,1
"GSM1116101_BC04_ARN0019_s1h1s1_U133p2.CEL.gz",3.27800642958324,2.8834353558635,5.05566090871744,3.1559258787263,3.73041677665393,6.46028280857881,3.55930937377681,3.10259651922005,8.00151155691737,5.01359915288957,2.89824488109422,4.32687031144669,3.86600250180876,4.38517424339372,5.78686150598538,4.74557923179036,4.11280961604821,5.68456642888453,4.45176317134711,4.1488947089476,9.34744409268882,1
"GSM1116102_BC04_ARN0020_s1h1s1_U133p2.CEL.gz",3.26285919694913,3.10994227815099,5.69693001781474,3.15621766778158,3.85642490084741,6.40245740928429,3.25830632561666,3.292221287631,8.20216864079787,4.88898994565218,4.90614255041201,5.96047944726801,4.24873266077481,4.24615955991195,7.18457144743411,4.69821873370159,4.21293248303069,5.83168772370246,4.14294042643334,4.89784799134107,10.0365924602871,1
"GSM1116102_BC16_ARN0069_s1h1s1_U133p2.CEL.gz",3.24594246688305,3.12970467424139,5.43705542073782,3.14918914218275,4.24946352006554,6.24466334888233,3.43307774264561,3.29369864848584,7.93888049815489,4.56703146187795,4.47718504269141,7.01233392238363,4.26159525428849,4.25511684646172,6.93309442825276,4.88065735138172,4.39788173361124,4.95049856331176,4.04641796918216,4.86319029307869,10.5373581344152,1
"GSM1116103_BC04_ARN0021_s1h1s1_U133p2.CEL.gz",6.26175877440244,3.03528520650346,6.16825195715021,3.34491875892372,3.84276564298992,6.635855430924,3.79112691154808,3.79125307936836,7.83122853460191,5.04747607273235,3.0641020943658,6.21940469802574,3.85085902140711,4.01203591972141,5.51790251935312,5.16774869273456,6.0382729567888,8.13449484479916,4.4618076838981,4.53209294832325,3.92970964332554,1
"GSM1116104_BC04_ARN0022_s1h1s1_U133p2.CEL.gz",6.54636295087539,4.93815575931422,6.71072950679635,4.76763727520562,3.37896976291121,6.16269720054179,3.72772634609586,3.9186085358996,8.68176419725146,4.78152147316763,3.09911163545437,7.10439296051208,4.01010378748662,3.77610098813111,5.70294757319811,4.8427292487284,6.03003672157055,9.76998481728629,4.09525916034705,4.88273704318468,13.5563350504887,1
"GSM1116104_BC16_ARN0070_s1h1s1_U133p2.CEL.gz",6.18581966174328,4.75187125055822,6.43566098204868,4.51220966326638,3.50267691019364,6.33512184708411,3.91147083596477,4.39744007296815,8.37778516204724,4.74211890743822,2.97517237877161,7.64558801102825,3.81718175362058,3.65890824217035,5.54977871769955,4.67063310350336,6.47200076732915,9.74378566463733,4.61003657655383,4.98915578690371,13.7086922820308,1
"GSM1116105_BC04_ARN0023_s1h1s1_U133p2.CEL.gz",8.33413660144891,2.99649329666514,6.57488485291562,3.84677202273269,3.59482427563454,6.59685249618035,4.66174966683403,3.46301761641178,8.67787514034277,5.13156138820692,3.29519182859668,4.5373255769915,4.11131468601258,4.78647365652476,5.52373286672396,5.17465729160003,9.37226323333665,9.09841652696798,4.0662740422932,5.23325383866431,3.81485465999093,1
"GSM1116106_BC04_ARN0025_s1h1s1_U133p2.CEL.gz",3.12888215473687,3.06249825800031,4.72557821309103,3.0600251847071,3.47729373071607,6.43219939311009,3.96266040686541,3.50002739616073,8.29667772367767,4.9841549906641,2.86433267166118,6.91592015677966,4.42115883050611,4.05425480962518,6.33660594750171,5.02319877329963,4.28884767681545,4.87676161964206,4.44647413914606,4.84370449726733,3.63216968947845,1
"GSM1116106_BC16_ARN0076_s1h1s1_U133p2.CEL.gz",3.14083437615008,3.28227249864993,5.60175601229781,3.18218463294696,3.4443640242794,6.50353702518798,3.90262977053391,2.88967628818833,8.09738587371483,4.92750526342091,2.76943193430027,6.64927739883525,4.15973503338972,3.68013364680622,5.82579488545544,4.58807194163564,4.50252795319692,5.48489442121245,4.11943887839944,5.51648230256321,3.58173428004903,1
"GSM1116107_BC04_ARN0026_s1h1s1_U133p2.CEL.gz",3.80284546026823,4.4594351105985,5.53023197313381,3.13565850782612,3.46997324595953,6.53575396211099,3.68492309605813,3.65837224260807,8.98130754025297,5.32712288037232,2.99424830824531,5.65641154449612,4.6012387035311,3.57265625253254,6.17310895720833,5.04145349806457,4.83938200404661,10.1120461799449,4.39168538790558,5.34024108828491,3.83565238756056,1
"GSM1116107_BC16_ARN0043_s1h1s1_U133p2.CEL.gz",3.77983442730991,4.49459833643832,5.73420582549707,3.20974043412126,3.5030461750979,6.6337999305616,3.71960729679197,3.47054512937285,8.64301367128636,5.48950547294629,3.09089593401738,5.85455851514092,4.31510723113052,3.53114866504153,6.82841894790668,5.19837210865515,4.98722344988834,10.3001180829473,4.17132809254725,5.84104706784248,3.77248982628032,1
"GSM1116108_BC04_ARN0027_s1h1s1_U133p2.CEL.gz",3.3546625298799,3.0967903385774,4.82658201067932,2.99910854079152,3.66351016831186,6.54185445794468,3.49056013658694,4.16857406427908,9.5559260117845,5.05954940813661,2.97277126764074,5.13744114198879,4.66141170079215,4.01428508407607,6.08229514577557,5.19717244344848,4.71459122142568,5.99975259430671,4.39501782414411,4.83137906194164,3.79498908450094,1
"GSM1116109_BC04_ARN0028_s1h1s1_U133p2.CEL.gz",3.06073485507681,2.93755338941419,4.89607534828595,3.13259854857554,4.29112474496145,6.05466198794062,3.65821137604046,3.21537865637776,8.57946228726707,4.79165734283644,3.39985613101794,4.34755263802291,3.81596925236953,3.6878852872076,5.63105769082688,4.32370150119871,4.36939181525836,5.47841315469908,4.17281760600467,4.51324702868493,3.64331921430908,1
"GSM1116110_BC04_ARN0029_s1h1s1_U133p2.CEL.gz",2.78226226694195,2.83477626999088,5.2771708731495,3.13951256900411,4.03076321333341,6.11894313662286,3.83143127648122,3.36775823744291,9.20413273489539,5.06425134919845,3.59762572993168,4.92695166853018,4.29640213637209,4.15575857874706,5.54778541908243,4.57575630588371,4.12705532124961,4.65804134871257,4.20435854545302,5.11301315202222,4.06918908057086,1
"GSM1116111_BC04_ARN0030_s1h1s1_U133p2.CEL.gz",3.21932614383976,3.18167730718299,5.1631899064403,3.17905214889789,6.34167712279136,7.0058016004207,5.57401137470689,3.27523504927075,7.79141798101095,4.76565228597687,3.66947508467142,4.41903124627521,4.04881766289004,4.14052270800141,6.45564506599317,4.84115098950889,4.330446023511,4.91573332181023,4.26360553955581,4.65013951817662,3.95060524216483,1
"GSM1116112_BC04_ARN0031_s1h1s1_U133p2.CEL.gz",3.02613060365532,3.15104855579469,4.85909758101014,3.19244476106059,3.44958137144095,6.66052192190898,3.53944599146054,3.47894651309887,8.7738348823946,5.53038925862742,3.03102459620093,6.84490614366113,4.32458858018054,8.14775445912809,6.22619069228338,5.61767340825946,4.63687902892987,5.47879580142338,3.96027225819957,5.34659023865938,3.74485841908022,1
"GSM1116112_BC16_ARN0035_s1h1s1_U133p2.CEL.gz",3.20129296167237,3.22814398926617,5.0897945104129,3.11016062888108,3.39402981969633,6.70946264237479,3.77835906009575,3.27733894878721,8.75531158758576,5.44722904188279,2.92982282983047,7.19136300480773,4.14296447950083,8.12250497915277,6.35225595503701,5.54600108793253,4.34102910583611,5.56882837531262,4.08978557189791,4.64917812578267,3.86324935898127,1
"GSM1116113_BC04_ARN0032_s2h1s1_U133p2.CEL.gz",2.94866927543253,3.0853104963329,5.04906170452764,3.12913702192172,3.30239170178872,6.26301392559268,3.62239305213394,3.51787795377381,8.62101282172169,4.71058121476162,3.12558279360399,6.74222270452103,4.34239982191003,4.28023689832128,5.82513978730667,4.57800307191524,4.61572684817762,5.63548885831477,4.18561481605637,4.6622021093918,4.39614099514617,1
"GSM1116114_BC04_ARN0033_s2h2s1_U133p2.CEL.gz",3.21895904461116,2.96572960501118,4.92125042722624,2.97591066280028,3.75610894762375,6.88893207821516,3.49296588761062,3.78269784414519,8.443897263914,5.26076188013498,3.29127001478696,5.43890163360899,4.22262039063412,3.36398949413395,9.59563981777179,4.89258941894074,4.15788886044404,5.43153332514432,3.91887289883125,4.81602271275893,9.73006832238708,1
"GSM1116115_BC04_ARN0034_s2h1s1_U133p2.CEL.gz",3.3199161217569,3.27123282843404,4.62329679267931,3.25784464739803,3.8378829522228,6.68456942269131,6.77856798580008,3.27404365130118,8.03328271500516,4.79876358992804,3.34273594467536,4.09310084737923,4.12887561819686,3.50213977504494,7.16817545284226,5.11902763506984,4.43555775102408,5.45242959765653,4.25174493721169,4.35594356753186,3.84855111330933,1
"GSM1116116_BC04_ARN0035_s1h1s1_U133p2.CEL.gz",4.42043737298852,3.13300112653594,5.00422503562505,7.71631568320957,3.61903609844506,6.32700043297009,3.62340036781059,3.76590779163402,9.13110882724637,5.09062366764272,2.83056252220265,3.89594659211841,4.34650258858023,3.74969717145442,5.24761465926389,4.51422912960773,4.62955164893043,6.9751337624302,4.34073079587805,5.10646652677211,4.88239182876686,1
"GSM1116117_BC04_ARN0036_s1h1s1_U133p2.CEL.gz",3.16071503287286,3.15556894903868,5.37370131227063,3.150782536731,3.77304677589955,7.11863372714266,5.29736270766582,3.35248162650038,9.20531485879074,6.0090797383511,3.21989243044278,4.22223051870601,4.8842202218779,3.81665023465425,6.57752171925335,5.5322754337799,9.69736749611552,9.26648342315786,4.38621214085301,5.0232764935195,13.5855023860973,1
"GSM1116117_BC16_ARN0063_s1h1s1_U133p2.CEL.gz",3.34182671987817,3.20318831014501,5.05673832160369,3.16578756655,3.81049773926235,7.41968224930544,4.87971245834164,3.08835683628032,8.57509659888473,5.80630542171512,3.31699441089815,4.48220024319916,4.64302758750438,4.01610827247552,6.59648692558892,5.35415691173567,9.76498305218021,9.22389902260272,4.19174840024501,4.90407356306493,13.5199006031295,1
"GSM1116118_BC04_ARN0037_s1h1s1_U133p2.CEL.gz",3.46531874449662,3.05390878054425,5.02871628526439,3.41148063656051,3.77131986121322,6.77395961298259,3.66451879720043,3.21558050086387,8.57246423605861,4.939886185215,3.7032315159078,4.19366037155891,4.3212513490088,6.09104139327922,6.60881013906777,4.8751472791519,4.53199589543479,4.9885243489378,4.23160961399438,4.70870044298375,3.84648374662051,1
"GSM1116118_BC16_ARN0117_s1h1s1_U133p2.CEL.gz",3.39319267437137,2.79782793532937,4.97594728663014,3.12661612615922,3.91959166997835,6.88117680223713,3.73127882959514,2.98313025409192,8.23831666244414,4.77376431455226,3.637945804635,4.46751443983969,4.06024669879922,6.32790540049258,6.84326427539664,4.97700576886699,4.49239723555417,5.14403817966109,3.91043625759193,5.12208255091701,3.85095255191892,1
"GSM1116119_BC04_ARN0038_s1h1s1_U133p2.CEL.gz",3.43293367727567,3.24632565164847,4.95648916525387,3.18877559192697,6.42705902446225,7.40976763466991,7.51538199063424,3.94193668293353,8.50194736361752,6.54160242522136,5.89779316619653,6.34116669327489,6.86784023749121,4.04589351051778,7.63634038541709,6.33145055115627,4.94906027024344,5.98317890698843,4.24889433464735,4.80154068678304,6.6474431118072,1
"GSM1116119_BC16_ARN0102_s1h1s1_U133p2.CEL.gz",3.29418623146165,3.11336379470232,4.68277160535243,2.97720831418485,6.65788816775575,7.22745407347931,7.31647499812785,4.03763956043696,7.92756000441584,6.28064494802219,5.73269439130768,5.88584348234807,7.11594178947565,4.48658467419843,7.98899492831556,6.50648738283467,5.00094675940404,6.00962552723899,4.4382343865763,4.91478750611695,6.69496543585861,1
"GSM1116120_BC04_ARN0039_s1h1s1_U133p2.CEL.gz",3.14002174060604,3.12308092800206,4.91301441392964,3.15312491753749,3.33051803165516,6.5169793466416,3.56997059925583,3.27259651461291,8.2655482775879,5.11214695133032,3.59543722903364,5.65520929275696,4.21087160651698,4.15915735544707,6.63507172743908,5.4146850510466,4.71230513861229,5.1206005873009,4.25745889932538,4.87573331175857,3.63589668826525,1
"GSM1116120_BC16_ARN0096_s1h1s1_U133p2.CEL.gz",2.95743519913509,2.91613706862195,5.28857758189607,3.13662182925409,3.74164284848681,6.47248312341491,3.71827288311389,2.8536170023363,8.45947323178055,4.76934708408577,3.64589677853764,5.85292960170132,4.17241415828249,4.63294385095025,6.38997214602712,5.23834844110138,4.30897977597072,4.84369910923264,4.16991650711229,4.77402792688475,3.57374669983153,1
"GSM1116121_BC04_ARN0040_s1h1s1_U133p2.CEL.gz",4.28065760421226,3.15447596251171,5.23832251835135,3.219912143222,3.89565637822618,6.3541068282043,3.77958321519635,4.2735646288694,8.42039137422236,5.07777746135123,4.57722532587197,4.7038964604655,4.06252976450022,3.91544354876424,6.04767709334049,5.56569662048333,6.77261386086262,10.1041440844095,4.48975863890116,6.65182234815415,3.85671365422631,1
"GSM1116122_BC04_ARN0041_s1h1s1_U133p2.CEL.gz",3.13147240905525,3.08028246151909,5.34221672250041,3.33585207219824,5.0002348361259,6.79789809179889,5.94970476785609,3.68143988030026,9.01522802467853,5.9196450665268,4.08793766200197,4.33166545048067,4.1675192591568,4.33975653744364,5.96212626213817,5.71435458913146,8.25458682798088,9.93785794967461,4.22110439894697,4.85391102887503,7.90770015393754,1
"GSM1116122_BC16_ARN0050_s1h1s1_U133p2.CEL.gz",3.10342594470736,3.16330825432556,5.91465955333594,3.31918841087663,5.32072168226529,6.69088804893522,6.11721042775478,3.38153552243449,8.38309574680691,5.70120465447585,4.42477187783463,4.05094906833425,4.39257519108038,4.26236946813823,6.3067749614813,6.0936593335596,8.41910594582171,10.1762071703276,4.18128677998908,4.95919321629067,8.14675390870911,1
"GSM1116123_BC04_ARN0042_s1h1s1_U133p2.CEL.gz",3.18347330034468,3.05351458666486,4.93092080593375,3.11384525024224,6.25413808748342,6.80900155604398,4.05306566562028,3.43939883405092,9.41081117514315,6.31696993057403,3.11353147822666,6.99760811483883,4.92837127947697,4.01211423271535,6.13830012396236,5.30568132141197,4.39833633037779,7.23485289738677,4.13060292141974,5.17164787009004,4.6476808605446,1
"GSM1116124_BC04_ARN0043_s1h1s1_U133p2.CEL.gz",2.996166939103,3.04159778221398,4.75436075986579,3.04909496780998,4.23552725984771,6.62136377613444,4.09478241847128,3.38583357509492,8.12374258935813,5.95512207397464,3.44405934303167,7.16345087697528,4.35169519383675,3.56388214995479,6.74509041287127,5.400843237984,4.65100695195564,5.2886851701238,4.61410237893033,4.64780358496203,3.69754486966827,1
"GSM1116125_BC04_ARN0044_s2h1s1_U133p2.CEL.gz",3.20931880343485,3.16345881127152,4.43852823063587,3.09373702195297,3.68526755969289,6.19206562160011,4.76006785210022,4.05242873564521,8.84023312296893,4.9696327568505,2.79807323672119,4.95443573067297,3.92130914587367,7.36218051746205,5.83238587221321,5.37389716143549,4.58519948684197,5.46508537016471,4.31369637279848,4.63913129689832,3.62333336764557,1
"GSM1116126_BC04_ARN0045_s1h1s1_U133p2.CEL.gz",3.21098187763971,4.83434840568737,6.24120382743722,3.90950538750603,4.0147515980402,6.91498304562951,3.60862885454267,4.51602374015907,8.4781330888415,5.07561924773176,3.97100031623215,7.64650359935469,6.40914318027562,3.21287723282516,6.29588563333608,5.45398438379678,9.85191977039893,10.2108571724165,4.19674200778676,4.83119122515339,7.949912876391,1
"GSM1116126_BC16_ARN0131_s1h1s1_U133p2.CEL.gz",3.23844826799701,4.80721719367684,6.58656084219807,4.02113276555198,3.99446796793703,6.61600518673905,3.79626844075993,4.516482161541,8.24328829187459,5.06719205243973,3.91635769740964,7.28736041575475,6.38640684508976,3.55557013392761,6.3877013046616,5.39952295533759,9.72892334038226,10.104132681055,4.2662351388518,4.98145458676392,8.25069893167125,1
"GSM1116127_BC04_ARN0046_s1h1s1_U133p2.CEL.gz",3.58511787261743,3.10632090308879,5.03584791256147,5.3518210611091,3.48499026127899,6.50656891595999,3.63256081265314,3.27767536774744,8.9707732295051,5.1668538302114,3.2715749958619,4.29660781291745,4.80792161781234,3.7639284335124,6.54729394180658,5.1104404603451,7.34959458617669,8.63915580724884,4.09168694995683,5.05798645481346,11.4875175459839,1
"GSM1116128_BC04_ARN0047_s2h1s1_U133p2.CEL.gz",3.09961085462247,2.95121189812647,5.07112304347245,3.28073592345018,5.10702993175104,6.66491527932292,4.41236559412768,3.35655627696743,7.78422985242589,4.90236750678679,3.14260161133264,4.13578880041785,4.44462834115159,3.62430880892479,6.34000155210189,5.69795347680923,4.24549851000996,5.6489553361765,4.53814909715723,4.82530862001942,7.67262553182325,1
"GSM1116129_BC04_ARN0048_s2h2s1_U133p2.CEL.gz",3.51850662118619,5.73687802220669,5.57339388746533,6.25628772146349,3.47404186548948,6.83922064009958,3.88195000221482,4.48292452387974,8.34481641695382,4.9843109233093,3.59393425034382,4.38649245708724,6.44743373214693,4.16138096007616,6.07816668357955,5.26942063382774,5.37214051843797,9.374244737828,4.22647819352,4.87617649003172,3.66035223448724,1
"GSM1116130_BC04_ARN0049_s1h1s1_U133p2.CEL.gz",3.29128443756313,3.03297516502522,4.82438928965705,3.60774679065223,3.62206156663778,6.0901297509999,3.52982492886468,5.03247932126542,8.44183869328348,4.58207458316126,2.78776469727566,3.95885788343042,4.39084709177052,3.53029935301223,5.66948349999547,5.2014558329404,12.5693777179861,11.3812165406204,4.50227120282533,4.69274367636769,11.8713692105451,1
"GSM1116131_BC04_ARN0050_s1h1s1_U133p2.CEL.gz",3.19320796284316,3.29239748100127,4.8622768563712,3.23657554876098,2.96220455805489,6.36525947658407,3.87589141983176,3.64711716821481,8.00321427222261,4.80095094404505,3.04526848225756,4.43712417645084,4.86034236829282,5.48239075497326,5.52884660769572,5.01894561093974,5.17897246197504,5.56275252349048,4.50163355413794,4.63683435976022,3.83068768524423,1
"GSM1116132_BC04_ARN0051_s4h1s1_U133p2.CEL.gz",5.64187260277805,2.92912791352051,5.4125627592215,6.59653502988949,3.43638230511853,6.34788371358421,3.46629685955027,4.00884681438886,8.89914635845025,4.87370909275509,3.43544442749125,4.3977928441727,4.26416692351515,5.35078258311613,7.26090993561035,4.6866633490059,7.0503489162761,6.38897275321277,4.17522687997441,4.71123465210229,3.9776098849096,1
"GSM1116133_BC04_ARN0052_s1h1s1_U133p2.CEL.gz",2.94451222795278,3.08853947289521,5.21983639843045,3.40100828760117,3.33218817250547,6.5191134336447,3.57766450065799,4.58361256075675,8.32856587104556,4.98004351068248,3.2244468895129,4.54793011498433,3.99867258443886,4.14017709176805,6.50331560036248,5.303542670029,4.51832602239323,4.64869374949036,3.91611623637236,5.02956307860454,9.31148223868487,1
"GSM1116134_BC04_ARN0053_s1h1s1_U133p2.CEL.gz",3.33339109649976,2.87455908922783,5.31147629810278,3.218651551986,8.60218515472522,7.71481912972193,5.99267606330713,5.31278591646106,8.51741520255449,7.01515714350601,4.93852937239028,4.61234005636006,6.2868773181628,3.93086659755036,7.953648289665,6.65879354518461,7.00904964692128,7.14579957942827,4.59878007949421,5.18512057245253,4.88782688376,1
"GSM1116134_BC16_ARN0077_s1h1s1_U133p2.CEL.gz",3.54231444797785,3.15483496581026,5.37704943428897,3.32247316891533,8.77395817422803,7.69813299871513,6.41103317737896,4.75965461547774,7.33815081196046,6.73829387676069,5.70102793785127,4.94792800936661,6.01457369784214,3.94860259038277,8.00383726805405,7.21980298600179,7.02629156355894,7.22817009075481,4.49012929394302,5.4691487728358,4.59873370961708,1
"GSM1116135_BC04_ARN0054_s1h1s1_U133p2.CEL.gz",3.2531459971122,3.04168083810903,5.02638588389012,3.05732721214421,3.73068827452391,6.07787145584834,4.39345558508351,3.91124163272327,8.45270926679648,4.77387493246591,4.42366200057226,4.89880990105441,4.67375576539726,4.16739874998515,6.13938920669585,5.29021443204743,4.67997100306285,5.1388267803798,4.75850271289312,5.07600570729188,3.92307263251896,1
"GSM1116136_BC04_ARN0055_s1h1s1_U133p2.CEL.gz",3.23236188102954,3.07960497003107,4.90877751041825,3.43657196458664,4.51176544720032,6.54575320011051,4.13618122300479,3.62920414586141,8.40269310274342,5.03000994796827,3.39405254903344,5.20110828292299,4.38120221062772,3.23293889461311,5.81901004089448,5.48218640148037,4.53676206643501,5.71236221217229,4.34925281187373,4.76448151090859,4.1426885370417,1
"GSM1116137_BC04_ARN0056_s1h1s1_U133p2.CEL.gz",3.98234395941337,3.0336612628925,5.84664941744735,6.7007473138953,3.80652754025659,6.76027631237189,4.98064805781541,3.57381734088737,8.53387155453478,5.22001874657128,3.30662406753934,4.36278903544299,4.7093904782149,3.96247742811711,6.76031401410051,5.76947749679311,7.86974873525932,8.99076472409786,4.34675852683605,5.27817911989859,3.88294832380875,1
"GSM1116138_BC04_ARN0057_s1h1s1_U133p2.CEL.gz",3.09254395191062,3.21700965826057,5.1419065997148,3.06049010487789,3.76023530710172,6.3570132678024,3.81038251810469,5.59513262964385,9.03046327166215,4.87891922792338,2.85425650064849,4.3977928441727,4.03913157421627,4.28323317173201,5.34859788625935,4.58311407423023,4.23000706293105,5.34378585562796,4.1400244174008,5.06397792247551,4.66503691453647,1
"GSM1116138_BC16_ARN0124_s1h1s1_U133p2.CEL.gz",3.2438433913104,2.98911137411033,4.90930641366493,3.13774670191167,3.80260092051899,6.59708845571205,3.92475747067268,5.82927155483288,8.21907904228963,4.8027971059669,2.76539052525231,4.43677122793907,3.93723469181306,4.78565220746141,5.68150487673779,5.11753870510445,4.69370487227917,5.40505183245949,4.2842190673474,4.86095654741295,4.80376865315821,1
"GSM1116139_BC04_ARN0058_s1h1s1_U133p2.CEL.gz",3.12344208460861,3.0872916196313,5.08609546493995,3.39386958282551,3.67133224580729,6.62636001808956,3.39472595372385,3.20607951278737,8.45682655974519,4.84200723224257,3.17231589189804,4.43691371952294,3.98859768667486,4.50966203265963,6.54949269778191,5.53050148444572,4.38534496946803,4.88449570837068,4.24438869010362,4.65667075008802,3.95538200629831,1
"GSM1116140_BC04_ARN0059_s1h1s1_U133p2.CEL.gz",2.98266565848785,3.1260104224147,5.16718490792901,3.16876193649835,6.97975495253068,7.97895032562603,5.62252622594675,3.31329160157248,8.09026139344406,7.10250768969434,5.36094672155397,4.29938503025917,4.90073879565132,4.15522082146065,8.31155609818572,7.2380878019827,4.45142018933858,5.55286226414923,4.52607177119656,5.3679426086084,3.83147015087826,1
"GSM1116141_BC04_ARN0061_s2h1s1_U133p2.CEL.gz",3.35727430985911,3.14634368210402,5.00332232813035,3.07307150816206,4.37164612691259,6.50518652671689,3.64454680700918,3.38606670118095,8.40833827391693,5.00146392622458,3.24177606698611,3.75355138214178,4.29412728861827,3.97715946534191,7.0744364593004,5.76431437020212,4.64139480939562,5.62576643910385,4.11661802418213,4.83362052670651,3.90240170486614,1
"GSM1116142_BC04_ARN0062_s1h1s1_U133p2.CEL.gz",3.39590091008483,3.02287358797646,5.10535280569105,3.06877879916679,3.83954013380926,6.25388891217574,3.51610375366532,3.43242191544901,8.71946689414262,5.11162136055765,2.91696500228306,6.09664717485808,4.21168219473177,4.01374649060668,5.66785894257055,5.27250723285185,3.94775356803763,5.17178212236571,4.12736328223589,4.65776333590515,8.10698385360654,1
"GSM1116143_BC04_ARN0063_s1h1s1_U133p2.CEL.gz",3.04143120834171,3.17511431143207,4.91877843458065,2.86427336286787,3.25585921320109,6.29050987917801,4.10065398532301,3.16212167048797,7.93790846063563,4.97799880943705,2.94722696517895,7.28987845236899,4.23269282696562,4.05022391693509,6.38690815637377,4.34525891238967,4.73841038402166,5.34644180985222,4.12626987336251,5.33101320109894,3.72457424039834,1
"GSM1116143_BC16_ARN0055_s1h1s1_U133p2.CEL.gz",3.18341919411211,2.86622532799835,5.20952032559169,2.95527563156048,3.27884537278647,6.25590524609142,3.89616584278965,3.13671297285581,7.4744651686584,4.46987440947586,2.93315415116918,7.72840014445405,4.05857285746391,3.75864155942847,6.34483101188355,5.04822862280459,4.61336930463916,5.41891371699269,3.94912517258426,5.52168891118247,3.84296807915655,1
"GSM1116144_BC04_ARN0064_s1h1s1_U133p2.CEL.gz",2.9759194640004,3.0842298980438,5.01483563191058,3.01450810872525,6.07714368396211,6.94017132645631,4.15460577173792,3.37968905808271,8.85116615328929,5.74439822362069,3.76585851614164,4.42868520862485,4.26417775478833,3.91132746253019,8.36396159355392,5.9710705476877,4.92905889377387,5.5512170614332,4.26066285078263,5.18955224350844,3.7731324468132,1
"GSM1116145_BC04_ARN0065_s1h1s1_U133p2.CEL.gz",3.14324535653568,2.9773314575219,5.47583722340684,3.24166526237554,5.05889932004925,6.66131059765729,3.92838161228352,3.46852984683949,8.11647896959644,5.20336412040517,3.42547147226036,4.25409676251605,4.45232681630472,4.86902115501043,8.59191768719977,5.66991915335554,4.25602981012607,5.4490612338214,4.43850051082056,4.83704587432306,3.69091631640336,1
"GSM1116146_BC04_ARN0066_s1h1s1_U133p2.CEL.gz",3.29076669260078,3.82089956787738,6.38013565847788,3.09888980262409,3.21318256159216,6.61485925707156,4.1844938362864,5.96128035080852,8.47582214888262,4.99455133542067,3.09820210092769,4.75611908280138,4.54832377934334,4.58905040536324,5.96130253995564,5.26158580919966,5.53121805925849,11.4239821371967,4.3730300813403,4.74519740799467,4.13267525189375,1
"GSM1116147_BC04_ARN0067_s1h1s1_U133p2.CEL.gz",3.10616564796616,3.02371648781301,5.08293258009727,3.49748127865501,3.85321633570271,6.73575281402631,3.62052583338957,3.15227427028545,8.40329004318026,4.9477321721186,3.5154017433534,4.64160013627199,4.48510061179084,3.45858548271583,5.83513770619025,5.30728026810483,4.78341005811162,4.75503041755179,4.09817712444608,4.79496454065911,4.11934334560051,0
"GSM1116148_BC04_ARN0068_s1h1s1_U133p2.CEL.gz",3.24539150744056,3.28242651307403,4.92401307122223,3.03865749615334,3.69636464042137,5.96580323012119,3.60835626189178,3.20499326667692,8.66083807756044,4.55297407710005,2.75032818329997,4.34710229022703,4.14260256735531,3.63910730808957,5.90184661489774,4.79568762948159,5.01120886284913,5.27332034953207,4.42640781187404,5.00495464217414,3.64431312913644,0
"GSM1116149_BC04_ARN0069_s1h1s1_U133p2.CEL.gz",2.97000644187375,3.26645581680553,4.9278295007212,3.22202973243912,3.23362076738652,6.10794642094008,3.84012602814987,3.40046344116414,8.69435650251772,4.50368409279672,2.84389379895923,4.68010748509398,5.0097560257723,4.37628907171758,5.56858025582509,4.74647749154553,4.26262976997656,5.07648402382513,3.92418823864861,4.80006761071764,3.58240366326546,0
"GSM1116150_BC04_ARN0070_s1h1s1_U133p2.CEL.gz",2.84498595263354,3.17478745710777,5.36349841102283,3.22942835260733,3.09271750482565,6.24394858916841,3.34167092664892,3.01945749541985,8.83900069109083,4.53024552055149,2.97065727676498,3.86894231940844,4.138224880237,4.5080556015071,5.57971981393177,4.51198381381919,4.39153331317637,5.19213225890706,4.36657782717937,4.81144212200375,3.73694522970563,0
"GSM1116150_BC16_ARN0130_s1h1s1_U133p2.CEL.gz",3.16123532470463,3.01797379433808,5.24659344977034,3.2228795014995,3.34951747461849,6.22066787276801,3.24686170807189,3.35607055701027,8.73019643438461,4.53082333057348,2.94401856441388,4.33851437603312,4.15423927699547,3.98513458219274,5.45878239419398,4.78934159249799,4.52847640310563,5.66712064367169,4.14516584433527,4.80505155015152,3.78589165075432,0
"GSM1116151_BC04_ARN0071_s2h1s1_U133p2.CEL.gz",3.06922708792056,2.95429588122752,4.85050630725902,3.13536753377765,3.37842412489501,6.08856354526712,3.9563309475957,3.21929911157266,8.73258927990507,5.09146241823079,3.19832391496687,4.45352772568189,4.91024711787562,3.86671017591161,5.71259339997476,4.84850924259855,4.37450881885236,5.52053875262639,4.36290678231169,4.81162643593751,3.54388691118667,0
"GSM1116152_BC04_ARN0072_s1h1s1_U133p2.CEL.gz",3.30215148650513,3.00607065710114,5.38797931071671,3.80657169629031,3.39280004519958,6.28281754057682,3.50792734279449,3.37852022094806,9.10337284534073,5.04054078769695,3.08225174140789,4.28351582926432,4.88792514347767,4.24115305003527,5.26006777452451,4.95604879530758,5.87180361352339,7.33501747854748,4.30591444253586,4.99578106689518,4.08219856601463,0
"GSM1116153_BC04_ARN0073_s1h1s1_U133p2.CEL.gz",3.9317734588386,2.97193603564267,5.474959016409,3.15682963955654,3.5681967732371,6.0323431694102,3.63096684003945,3.77248982628032,9.03888762926701,5.15948394770651,2.75726727166442,4.93644082187677,4.27562108685348,3.56775451198679,4.90279714615595,4.48417584291346,5.73743509298689,6.27095597047349,4.05751038829481,5.00296308536815,4.10628545100577,0
"GSM1116154_BC04_ARN0074_s1h1s1_U133p2.CEL.gz",3.18181609053462,3.13524891309325,4.64824015407943,3.16663439501735,3.6332129067018,6.10179060653641,3.86091782317535,3.39035980527857,9.46380180087376,5.02406833014603,2.79286755967162,4.20859644102654,4.68278753346839,3.800852857577,5.54223712730971,4.9551409606947,4.28808164172209,5.51286664497967,4.23359106376349,4.83962399205145,3.77070702764977,0
"GSM1116155_BC16_ARN0001_s1h1s1_U133p2.CEL.gz",3.26874325714943,3.10959388666445,5.25152365630078,3.84914461984657,3.3374728629205,6.03986413398229,3.51332095018561,3.24427767967244,9.22255925041154,4.12634933487292,2.73052083063249,4.68970224454954,4.32625128427196,4.08198468752547,5.03142019664161,4.58833464227924,4.4835295935399,5.8777342090782,4.22440073128519,5.07180141999417,4.07275012433016,0
"GSM1116156_BC16_ARN0002_s1h1s1_U133p2.CEL.gz",3.06425257655532,2.62899016384345,5.39669928428149,3.51361272544819,3.25793635360443,5.88150002121563,4.01173057545885,2.9517666529269,9.30970804003555,4.53520918586309,2.82869885080183,4.30179441741775,4.07117925279674,3.79543969394854,4.83844949746801,4.0521298322107,4.41552586772964,5.36726004590286,4.27703001335917,5.08954618323453,3.7231233187167,0
"GSM1116157_BC16_ARN0003_s1h1s1_U133p2.CEL.gz",3.52469783700389,3.08044757937665,5.14965481344411,3.88659016993522,2.96506705108154,5.7236783917644,3.76467792568415,3.98954367997937,8.64486493243657,5.5779132560735,2.81158723966923,9.30796376247857,4.42295480237057,5.36969245951657,4.56108126810085,4.06173074810731,4.51812093893933,5.28715842431637,4.18071096037013,4.15613017765276,3.78672334969182,1
"GSM1116158_BC16_ARN0004_s1h1s1_U133p2.CEL.gz",3.02086139729997,3.0779158752064,5.56635934463153,3.16780698619241,3.21743752133867,5.78796532315044,3.60297124408353,3.43960532713354,8.89144219330586,4.76099829625225,2.94456880446886,4.14299098029972,4.22945976822915,6.6061125572094,8.27593959865201,3.98820429528142,4.14449220649575,5.08837093435499,3.80900061020119,4.49182876734069,3.84197979062391,1
"GSM1116159_BC16_ARN0005_s1h1s1_U133p2.CEL.gz",3.54884435675374,2.91082997784093,5.31879381471037,3.28704718164121,6.09863210656713,5.99687020579772,3.68567817609115,3.68078467715359,8.77966844240465,5.88693641657325,2.74258444545001,6.13460657535022,4.06366717926324,3.76026698705673,5.78500307668538,4.33609684038278,4.81381432644488,5.85833726138174,4.06859016041564,4.666092367759,4.01166240813221,1
"GSM1116160_BC16_ARN0006_s1h1s1_U133p2.CEL.gz",3.06865679194391,2.93052639880656,5.13633831787896,3.53480619172757,2.89818137416988,6.16035415473519,3.48580245764252,3.01108919808242,8.46880644461148,4.59995710734727,2.73264370785979,4.38563716981408,4.33807568598957,4.82203485352283,4.49791927066851,4.29705470223869,3.9438291208098,5.26791612123418,4.01154119295707,4.76053136125901,3.92219302680255,1
"GSM1116161_BC16_ARN0007_s1h1s1_U133p2.CEL.gz",3.32958445592982,3.19686726478784,5.03833356152437,3.35113938882205,3.08938867445605,5.86110227271985,3.54836484884295,3.28036386406286,8.28130681507578,4.91481634032436,2.77638319693201,5.70836817234101,5.36181527747542,3.80723571336475,5.24900394572039,4.2688278377664,4.80459485420799,5.46770513821994,4.26756579071093,4.91126209213136,4.58569226557777,1
"GSM1116162_BC16_ARN0008_s1h1s1_U133p2.CEL.gz",3.52879847667557,2.95214969204068,5.47403794794627,3.29249318560071,4.25501767131451,5.94990578868449,3.53921237233606,3.37539610343828,7.64888662124128,5.36853158200487,2.98980408957408,4.30323805517633,4.36003437030327,4.46281077264489,7.69562544617547,4.73717599933347,4.66961562058891,5.85449517205375,4.08024116015772,4.96656143680837,4.18177083101177,1
"GSM1116163_BC16_ARN0009_s1h1s1_U133p2.CEL.gz",3.18770613882466,2.9361756496624,4.91550245386154,3.33781227929848,2.69114023935181,5.78262125723633,3.78410488463272,3.75426346689203,9.05236608832038,4.57041544145277,2.84120586794176,4.65640090427782,3.7874146609908,6.21448904044909,7.6847818463403,4.55066026168596,4.35347070244223,5.42171766319555,4.27768385147871,4.95192269566738,4.15553183008586,1
"GSM1116164_BC16_ARN0010_s1h1s1_U133p2.CEL.gz",3.277852418118,3.1927497283424,5.33006555729144,3.72306929767326,3.21720072221052,6.37807731035516,4.08362483242011,3.1547394340218,8.1306457004411,4.73820756614439,2.82088446129602,4.50350533928095,4.7095554560182,5.4409860776292,6.4732294532439,4.83429192353481,4.50543838689097,5.41905125127884,4.17687651313384,4.85764305159418,4.06145021758465,1
"GSM1116165_BC16_ARN0011_s1h1s1_U133p2.CEL.gz",3.74263657257846,2.91443490898521,5.28737018264556,3.03846200977181,2.77832935055853,6.13767912963054,3.80630484090765,3.62704262336276,8.44360927088399,4.72694184884904,2.81373953106412,4.55306061851782,4.5200008566348,6.14605335217312,5.52664919754324,5.25210715101056,5.46269575252429,6.09101581934864,3.89398599737927,5.12448071885648,4.39059305016227,1
"GSM1116166_BC16_ARN0012_s1h1s1_U133p2.CEL.gz",3.33902211970535,3.05294385049402,5.62499163608316,3.66805434827601,2.90147691504185,6.65548708096906,3.75870748308488,3.36039873854723,9.26317640595537,4.47051965894207,2.92943922968822,4.30703524987333,4.78828196275857,5.32682181745601,4.94185195022375,4.64361832542011,4.74168411828555,5.09432008694154,4.37577752800875,5.06008807836727,3.73288549349674,1
"GSM1116167_BC16_ARN0014_s1h1s1_U133p2.CEL.gz",3.17653014910668,3.06391207158538,5.64079379735918,5.92489995920363,2.94731486353204,5.83006075082701,3.80011869652272,3.18721262701116,8.78127516561097,5.2700706885359,3.07999575441203,8.05290798887738,4.47216206395709,3.86808228474536,4.9347061903235,4.05278847939372,3.88359362526838,5.7310100725,3.88766076341919,4.77056007688665,3.86646622043325,1
"GSM1116168_BC16_ARN0015_s1h1s1_U133p2.CEL.gz",3.28377035964288,3.02408348759567,4.8284755156244,4.55271850868027,2.98740789504592,6.05466930251548,3.86549407961134,3.4196020644658,8.29058054265386,4.90374175913139,2.72817494659097,7.78004734462142,3.97214443125363,3.63719812948072,6.66214308655123,4.5792565759909,4.43380207608711,5.66558055014729,4.02552081865186,4.56112642402394,4.44119018946911,1
"GSM1116169_BC16_ARN0018_s1h1s1_U133p2.CEL.gz",3.92176933344447,3.23363885950543,5.73336363597107,4.22560192588844,4.69950798506178,7.8964596314134,4.30274709798177,4.35368444977188,6.47028133897057,6.8277244842821,4.54900272331669,5.519209973601,5.34637571189137,4.18477905570675,7.71970340854997,6.65074136222759,5.17678383415134,8.7777165347509,5.79206966480237,5.17813855867012,7.03084367048492,1
"GSM1116170_BC16_ARN0019_s1h1s1_U133p2.CEL.gz",3.9947883105649,3.17113397610602,5.42796506261659,3.69405433034105,5.55895153213919,8.72790917042784,4.75248824311867,5.08673876649208,6.6049144784506,7.91075177854338,7.1227618436649,5.82300430153586,5.78476789201785,4.90997726711164,7.47770061392008,6.74420099920914,5.53081948931536,7.82127019602205,4.4624007130852,5.79340266884653,4.99711601804773,1
"GSM1116171_BC16_ARN0020_s1h1s1_U133p2.CEL.gz",4.21299360374743,3.17914497993727,5.13833651222017,3.19137185078561,8.04883464100008,8.99330353244564,4.24235425856483,5.94076711780129,6.91657014695081,7.99591742533783,8.49090091977302,5.51645209908797,6.98082848023775,3.90773499387582,8.16602173515757,7.97903707912859,8.64805274758322,7.77923443054262,4.95354566720517,5.64818173570751,5.27203739135324,1
"GSM1116172_BC16_ARN0024_s1h1s1_U133p2.CEL.gz",4.50670374297208,3.30332361855697,5.53264919191826,3.46842418258835,6.79180045354444,9.05469394263374,6.32459851373645,5.27723025750892,7.0149938590637,8.04673437522052,6.89427782674416,6.6129259145389,9.18482915472024,6.65910107922275,7.63126464051118,7.14511315354862,7.73935921318514,7.19621812006755,4.57584932524507,5.74148761161555,11.0115935864138,1
"GSM1116173_BC16_ARN0025_s1h1s1_U133p2.CEL.gz",4.81191310694949,3.1644849863075,5.86860896778962,3.54474021289425,6.30728717886092,9.2820867515709,4.85463232069419,5.37468481039842,7.09373057945783,7.81646523574605,7.59034545854053,6.56826777994891,7.45250316769791,5.34409599999019,7.26069301853121,7.43581644552669,7.53286055988954,8.62992848560236,4.80305192014427,5.39396482716011,5.21011070796337,1
"GSM1116174_BC16_ARN0026_s1h1s1_U133p2.CEL.gz",3.82870777169598,3.2549856397443,6.54926291949453,3.44528999022199,7.66825950420186,8.65891270097636,4.19441318144024,4.12063867332361,6.38957806348001,7.44921310200222,5.6086461126567,6.88756902463931,8.08870096729182,6.31435242068398,8.28810045638685,6.14773694876,10.0849349939838,9.78283487872008,4.97117251122669,5.6069992680835,12.1960193906842,1
"GSM1116175_BC16_ARN0027_s1h1s1_U133p2.CEL.gz",3.93871073843457,3.48571814480242,5.20548884091772,3.86988055133907,6.43490152815106,7.82781101820067,5.39472514504487,4.41297676931797,5.6633463518387,7.21432381567114,5.44390813789255,6.04239574305171,9.09425435224147,4.76446153449583,8.27815038918453,6.74062831800598,8.59632514396908,8.46176172674116,5.14019237412266,5.74541408705719,9.52381148934722,1
"GSM1116176_BC16_ARN0028_s1h1s1_U133p2.CEL.gz",3.90922074020415,3.43342707320041,5.58926209475739,3.95870624329035,6.03754998599647,7.68985419028472,4.55418352473213,4.19191169498596,5.91038591446572,6.56043205613694,3.82681944338337,5.98498808731224,5.70588930081047,4.27399397707895,8.18928459303611,6.41861110022562,4.96892007059078,7.87451240172625,5.19364534769248,6.40928939369264,8.95599305441158,1
"GSM1116177_BC16_ARN0029_s1h1s1_U133p2.CEL.gz",6.22727207577853,3.25581475096911,6.37348451561223,3.91653176545658,7.85677952767801,8.57004479237522,5.15895294227263,4.73929166496787,6.09129904089982,7.42689011295664,7.19377459318235,6.25527177497777,9.684767970133,5.65777719337697,7.93702668498651,6.9838233441133,9.73168897051347,9.46606449895186,5.76906180675727,5.92326148176365,7.17321835989201,1
"GSM1116178_BC16_ARN0030_s1h1s1_U133p2.CEL.gz",4.36412729672186,3.292590040988,6.27864792778533,3.62766762089841,7.34518013332983,7.72937800078268,5.84825774478379,4.59391440934566,6.12206656532646,7.84554339030377,5.06482363671634,6.91703970232795,9.05925517371815,5.3577269667561,8.39743213409226,5.8484849876101,9.13352290442673,8.87505713710743,4.62544499367606,6.00410006687023,11.4942309614702,1
"GSM1116179_BC16_ARN0033_s1h1s1_U133p2.CEL.gz",4.39362951286955,3.50162420581698,6.14294659263779,3.87277823715274,6.21541279349788,7.98993807372775,4.01951773011856,3.75103549764629,6.70349892842443,7.45103519817052,5.28655184923888,6.62980275299859,7.76115946877351,5.10197939363963,7.91247566882753,5.82141574284806,8.45956895594405,9.32934362964066,4.75317652021095,5.5341868167222,11.9884642022375,1
"GSM1116180_BC16_ARN0036_s1h1s1_U133p2.CEL.gz",3.60960579912215,6.91957134419164,6.88488114990756,7.81203194029766,4.66582272890392,6.43934507913897,5.40207531553434,3.96332845231059,7.78019436519794,5.17867242120923,3.71619152122086,5.18385040570274,10.8279662548862,8.55421380755539,5.62820374678208,5.38227837569685,12.0443524855895,10.987058424617,7.75375203585257,5.54832843113938,3.95681502841947,1
"GSM1116181_BC16_ARN0037_s1h1s1_U133p2.CEL.gz",4.02446297730046,7.21436987698089,9.07027600560997,9.00106447581524,3.79069615371062,6.82735095040912,6.20546221408256,4.68322497840085,7.73512353157703,5.37527795450674,3.30638971029549,4.39942179654799,9.97478502175641,4.14775919877439,5.92828146500949,5.56601906509544,5.68977175084215,8.27251951027699,6.66306431374049,5.14484985683684,4.00246405306039,1
"GSM1116182_BC16_ARN0040_s1h1s1_U133p2.CEL.gz",3.28145099311752,3.14306763699019,7.36465606626139,5.67841143959132,3.62887276742842,6.9306974241102,4.82354930097227,5.01678548416051,8.13842724807133,5.60315837862108,3.00243095912222,5.00307674266172,5.07249725202971,3.78767867075514,6.26237015385625,5.48568447593665,7.82386949621473,9.00214174316586,4.16785183564301,6.59322241296738,4.54781797265443,1
"GSM1116183_BC16_ARN0041_s1h1s1_U133p2.CEL.gz",3.90659599479355,7.67508489298776,5.74044833667785,4.03474949409084,3.64949729548245,6.02947167838484,3.49714336196561,3.44809210095945,9.17676097411128,5.52703429015832,3.06123868104723,5.41054166255591,8.32177526515728,4.93623506393673,5.58089770972312,5.04336335377163,10.333012598928,10.1509494518422,7.24678152713557,6.87006790398352,3.32536552357744,1
"GSM1116184_BC16_ARN0045_s1h1s1_U133p2.CEL.gz",7.47026538356385,4.90333074117369,9.01820924801496,7.49546720141942,4.48244223162274,6.98822155880431,7.61280341897148,3.78514354229581,7.56949170640661,6.05546047457329,5.06985797533733,5.83140442584961,12.0150752177783,9.72293087307288,6.87583975393051,5.95466608086101,7.25504496086683,7.47717717497633,6.45182952154619,5.8790987901745,3.92925513309976,1
"GSM1116185_BC16_ARN0046_s1h1s1_U133p2.CEL.gz",3.18905701898895,4.22319550014092,5.54829252221202,4.13111003132326,6.7019633827575,7.59627739340609,4.36862411870548,3.59487519300611,8.28617898884287,5.84686408080979,3.7172447429808,4.087650523126,10.3543868215745,3.8780986701538,6.69557599666984,6.50663581773478,6.60344710330408,10.0195659304881,6.04726252900248,5.00124638473516,3.92728695913622,1
"GSM1116186_BC16_ARN0048_s1h1s1_U133p2.CEL.gz",3.39244850479104,6.54237663481854,8.47347096919639,5.46104024044559,3.95989758739829,6.59485703490706,4.76180191017275,6.395806659276,7.95902216223115,5.11272953945836,3.46622260390126,4.38901987377074,6.60627678723806,8.58042437553387,5.79647334115576,5.66008552141516,10.6199310966868,8.50096760835634,6.75959523328624,4.718405065029,3.72882542858641,1
"GSM1116187_BC16_ARN0051_s1h1s1_U133p2.CEL.gz",5.8098206064761,3.83308784412624,5.42630837569563,9.42152864417114,3.62031519370633,6.40760682817956,4.60602431769665,3.1283531614637,7.45560689394766,5.08526599113515,3.59911325646285,4.61325153665411,7.16699626125728,5.77401878700271,5.90022148510749,5.16211799017009,8.83187716551935,8.2889557824444,4.88684225965888,5.68791880129248,3.68287485759323,1
"GSM1116188_BC16_ARN0053_s1h1s1_U133p2.CEL.gz",3.71503850935116,3.80883363797579,5.51253843236966,7.52803446013606,3.7253816050904,6.73233998688287,4.36794561311645,4.66794763156846,8.06644051474321,5.50237825659005,3.61805876311101,4.65386400493217,5.39104514298329,6.04702880608932,5.68561948517688,5.82928944269252,4.87293669332954,6.14466350729296,5.06335061865983,5.36597452391792,3.69694222843911,1
"GSM1116189_BC16_ARN0054_s1h1s1_U133p2.CEL.gz",3.1836703258217,6.37958134593885,7.95126431449924,5.77714322484917,3.95507823885841,6.3512050268233,4.48940862273298,4.1063282247551,8.37218325609389,4.64455100036399,3.1425217531274,4.73565712008607,11.8030494123555,7.03627502626748,5.4394221363776,5.0332508884475,13.8435894711855,11.4308656217449,5.54339430264554,5.43240909124468,3.87042291405667,1
"GSM1116190_BC16_ARN0057_s1h1s1_U133p2.CEL.gz",4.29492517435684,4.58685342191682,6.86053226322135,5.70935501891277,5.54182822019225,7.6954856555656,8.74893917211339,4.75211567156466,7.8353180773944,7.15375915678751,6.97716157748336,5.34819954441313,10.8454145559471,7.15460685222515,7.23291123892777,6.94534964470363,10.7413094594425,8.63381071896483,5.18453436446155,6.66801356254724,7.64131916153011,1
"GSM1116191_BC16_ARN0058_s1h1s1_U133p2.CEL.gz",4.23711370659052,4.2914045473195,7.20912284180176,9.06583806283818,3.29275605213282,6.70240130685877,4.3597593428864,3.16943561686876,7.42468098904569,4.92027088589482,2.97455822565257,4.84721689119753,10.4054788087276,6.53522784376554,6.06192670687572,5.33248796251668,12.2540390652807,10.2275812085179,5.14609167276969,5.9439483639721,3.97839817207897,1
"GSM1116192_BC16_ARN0059_s1h1s1_U133p2.CEL.gz",7.58023066028893,4.52255337347576,9.29722372957647,5.19281864412541,5.30394916079434,7.01419680323482,5.65364859213503,5.34911357811915,7.61901104149695,5.82103470044971,4.6514689748144,8.95508464929974,4.54733784645011,9.40935074718362,6.48127815307752,6.24498945281919,8.72039290533973,11.9870952176873,4.1487397750726,7.44361259827576,3.79278441630158,1
"GSM1116193_BC16_ARN0060_s1h1s1_U133p2.CEL.gz",6.02621146289966,3.60532856340603,5.82690999661266,3.35284496813812,4.29950246537024,6.2022542243778,6.33795998895013,3.51899291592301,8.51245524721958,5.11230832747245,3.33254938051646,4.2003102998911,4.6352363245087,4.46714513090902,5.85009746066701,5.53771465157295,9.89986242788602,10.2500542890838,4.4751872480023,5.79280449492568,3.75247862839368,1
"GSM1116194_BC16_ARN0064_s1h1s1_U133p2.CEL.gz",4.51189358645665,4.10477143390691,8.16605480207851,5.13768362384534,6.02766941893662,7.85453729973262,7.73082436241795,3.69642014205663,7.7004215959147,6.36618674503851,5.60173462701536,5.33033403295627,11.5032533738039,8.62979788229389,6.98763547798731,6.53009274548909,8.29235769531086,6.99865780035783,5.95310902406103,5.57279632113459,3.8329025488833,1
"GSM1116195_BC16_ARN0065_s1h1s1_U133p2.CEL.gz",6.78199173240303,7.25400707302985,7.29985819660695,8.78096851076432,5.69339690229839,7.24104481325903,7.96133370693718,4.71523618712872,7.67082040038048,6.61852887154926,6.56984286326734,4.27537700685639,10.3058887349931,4.9933953395391,7.29213211002667,6.3471479455932,8.4967270274364,7.3114822672513,5.47577494598823,5.81587154383168,4.81087851815067,1
"GSM1116196_BC16_ARN0066_s1h1s1_U133p2.CEL.gz",4.59805398480767,4.78120845752043,6.89009347436411,5.95064809127909,3.74533906925699,6.94552508845068,6.71459817845417,4.62577827434813,8.07866911349566,5.83337356563248,4.50996542882832,4.21036923793746,4.69632795368418,3.59568694132452,6.84650285362243,6.21926924917527,9.79141469329176,9.8485568360719,4.4427860338429,5.79803936976106,3.73616321529963,1
"GSM1116197_BC16_ARN0067_s1h1s1_U133p2.CEL.gz",7.75560531134728,4.63082402185745,7.96593747351552,3.28344011516464,3.52600732990729,6.37742795883892,3.6026918434185,3.71141918734182,8.08188747886847,5.18110950762244,2.86646424212382,5.44716794740788,4.3937483606276,5.98343688333397,6.01914514701405,5.50269371389694,11.7255209213173,11.621382456543,4.51587239965578,7.31039741268465,4.21057607505057,1
"GSM1116198_BC16_ARN0068_s1h1s1_U133p2.CEL.gz",5.19727216280842,4.19972677950839,6.54499516150935,8.21201577896216,3.53031401953746,7.18736666258273,3.70473109207642,5.06312663278561,7.47230791752176,5.86500508713537,3.00388868595158,4.25595204392541,6.93602735737739,5.73753360906751,5.61888199704319,5.45491665072109,10.4694587324153,11.6098686027528,4.56851465349243,7.28927005008805,3.82559106717674,1
"GSM1116199_BC16_ARN0071_s1h1s1_U133p2.CEL.gz",6.37715794776873,5.78881704373002,6.58260974072741,9.24936944941837,5.04827749422679,7.33737087437822,6.41515036627199,4.09806144987638,7.87473966311078,6.31991731830718,3.9532180861376,4.53297778869665,11.6928487155042,6.65770693975703,6.5347350763618,6.17023453873429,12.2749669701557,11.450534684945,5.25145368154447,7.16854400392964,3.95826943853136,1
"GSM1116200_BC16_ARN0072_s1h1s1_U133p2.CEL.gz",5.71994004110158,7.63144366762757,8.18888007990637,7.37601300252469,5.06474380206226,6.65849785606412,6.07891195579345,4.17870019165677,7.92146145800432,5.34831471344756,5.72780018823246,5.17464314772276,10.9920355312783,7.97396652358225,5.94821496102202,6.30046183270704,13.4308438416192,10.7513096696597,7.22941599830707,5.99545038498373,4.02532453854101,1
"GSM1116201_BC16_ARN0074_s1h1s1_U133p2.CEL.gz",5.83130799110542,6.06246926650737,9.98110034485154,8.92317888480645,3.69419046377739,6.31003553413634,3.92589759907976,5.42179649233538,7.73952768219591,4.73485333694024,3.26713613353721,4.04147466426976,4.53351638836282,8.38976503928809,5.95707320158962,5.09967112452946,12.5756813214092,11.6505921805281,7.33191564514849,8.17525478203759,3.5171104884142,1
"GSM1116202_BC16_ARN0075_s1h1s1_U133p2.CEL.gz",5.71822953634292,7.4270300966665,8.04607671059102,3.98554743608063,5.24180651715431,6.91595476681011,5.38587605456449,5.17586041676045,7.96857557331964,5.31467221953459,4.86090458673979,4.88723450415694,5.01844897936249,5.92502542920402,5.98018397357001,5.54020485285554,8.64301456333122,9.0402699783228,5.33065241882933,5.2649057514529,3.89149751252602,1
"GSM1116203_BC16_ARN0078_s1h1s1_U133p2.CEL.gz",5.641276172969,5.99898540749352,7.62399371413569,3.8540312644287,3.86937423146613,7.73152518923037,4.15207411951593,5.40582282307293,6.99267492646678,5.75497119997593,3.99881830500984,4.63807119492767,12.5698979019116,7.44282415100847,5.8180375351779,5.95324397030247,13.008165786461,12.0809920649984,7.88761318049978,8.06563417108327,4.03533373070174,1
"GSM1116204_BC16_ARN0079_s1h1s1_U133p2.CEL.gz",4.98362337507503,3.22934927895297,6.68383145399378,6.24017647787407,7.21619597528874,7.40866523807,8.08114560331676,4.23829365108403,6.41721473908149,6.89311542913535,6.14730333221994,5.20537161816888,10.2467908288591,6.08482178924098,7.25024894252816,6.1079363662314,12.034083611861,10.9414253553562,6.78383025242664,5.65384390385637,9.28374163904051,1
"GSM1116205_BC16_ARN0080_s1h1s1_U133p2.CEL.gz",8.71916224934218,7.02569481001633,8.61782513590187,8.71196892662013,6.09741963744922,7.4753173508839,7.39829516685324,4.68857959243781,6.9129652704829,5.95563175995948,5.95880924584202,4.82921655343022,9.70486955436931,7.3924314681472,6.40083491206574,5.96248854580631,13.0818229366208,11.6505921805281,6.16371423322181,5.98686447833552,7.17340749658057,1
"GSM1116206_BC16_ARN0082_s1h1s1_U133p2.CEL.gz",4.89711369812776,7.41421100595445,7.91552464902807,10.0434721591037,4.48983326141209,6.63269174705054,3.90897261634842,4.69926213894141,8.02719564659565,6.22607730038775,3.3930382438774,4.34363152027545,8.86380146133245,7.50619954704142,5.65808716639247,5.91585684177584,13.0551271638933,12.0580241760339,5.12856412301594,6.09171859237973,3.74032541629157,1
"GSM1116207_BC16_ARN0083_s1h1s1_U133p2.CEL.gz",3.55451116112429,4.14073289374756,9.16531789053003,9.94404384769849,4.56328242906333,7.23528329713051,3.94388220995686,5.46138159560856,8.67575305590491,5.98472750521474,3.44072459321655,4.34939371948605,4.22051843951182,8.02443383854219,6.65746367552572,5.97186746359345,9.5370144932708,9.36338908074488,7.06075776217278,6.07442887978253,4.13188022628773,1
"GSM1116208_BC16_ARN0085_s1h1s1_U133p2.CEL.gz",5.04978445658052,4.0633969617084,7.14418318754413,8.31130927381255,3.67322979613851,6.98988966119919,5.55797707668394,3.55568189773817,7.29117338202787,4.9586109829784,3.35414889380207,4.72740673752381,9.65510902646108,5.94145876350308,6.23464770391628,5.30528768584062,7.89517763567744,7.99074948997837,5.20945227774491,6.01643872526042,3.95297325302287,1
"GSM1116209_BC16_ARN0086_s1h1s1_U133p2.CEL.gz",4.1905820368973,5.24893330900989,8.04734818568727,7.15593869616706,5.32001765691301,7.06332025887562,5.84825864115841,4.02658833226821,7.69315402179677,6.48244920918325,5.85131446966865,5.13142047794421,9.2756434684242,5.58435505661185,6.7403610912736,6.11133309999978,7.88912477494098,8.36835391958211,5.99462036619341,5.96699413003246,4.05106384646615,1
"GSM1116210_BC16_ARN0087_s1h1s1_U133p2.CEL.gz",4.93357425343162,3.19212672665043,9.19554522613,3.06733476055458,4.29937291012877,6.57146537667033,5.05845045596768,5.95035087863071,7.27006615041162,5.57655695124112,3.2823224520551,4.22968863783323,12.0393965152649,8.67994231894423,5.50292751292374,5.39647890882784,14.3841603561301,13.3162059896423,6.36593240459375,6.43418850427751,3.80755973678763,1
"GSM1116211_BC16_ARN0088_s1h1s1_U133p2.CEL.gz",3.75252889607072,3.16465112740209,5.67125459325154,5.54501864991394,4.07786173596929,6.7678252479323,3.75898777422097,3.07203319483053,7.99181008620503,5.38045273244575,3.46491025291606,6.98377067370777,4.56588701373858,4.64478173054017,6.12470244458141,5.7252896531666,5.25425260922846,8.15885808012749,4.19877952550087,7.99085890821091,3.83652144843852,1
"GSM1116212_BC16_ARN0089_s1h1s1_U133p2.CEL.gz",3.25473325006595,3.6267576758791,6.64744674882147,3.42750381912036,3.57337761622756,6.37556520770909,3.6871724430871,4.26326376447091,7.35889648083358,5.14412638911031,4.29122423683665,5.02690326198955,7.72254102712713,3.998744478082,6.33502174721914,5.16767461937997,6.58487883180803,7.94501596250344,6.75032733457209,6.06005225573697,3.71690270557269,1
"GSM1116213_BC16_ARN0092_s1h1s1_U133p2.CEL.gz",8.89376989386663,4.91563162851728,7.0271969996236,6.93202870328719,5.47142408422557,6.83122902737001,4.51056912740863,5.55672875807658,8.1250251091004,5.50228556937115,4.99287487914818,4.84658979931022,10.7890696160377,8.82718956890589,6.32223084423664,6.29764338902227,8.6057641697007,9.39299828733217,7.7368707875256,5.44164958422485,3.95228978985813,1
"GSM1116214_BC16_ARN0093_s1h1s1_U133p2.CEL.gz",5.57293270937613,3.68706214761539,9.00518215578554,9.02012923730103,3.96267071653058,6.36228836715192,3.70124461048087,5.13865486894646,8.43277564453993,5.5554479480693,2.91082997784093,4.30113475683723,5.1516076377311,6.95915739345673,5.14705195069075,4.95694349544584,14.0044959895083,12.9976429045416,6.22722556925287,7.78794223831912,4.04376684968028,1
"GSM1116215_BC16_ARN0094_s1h1s1_U133p2.CEL.gz",4.87110615976681,3.23080021020974,7.55048106829367,5.58251721715125,3.88491031032739,7.56786311980153,4.14166491690496,3.74888554585918,7.86605188219049,6.0081901393731,3.90707656402808,6.68330560318712,9.26284660627467,7.07848733871538,7.05376661924534,5.54211476227447,12.1944648883302,12.4998571105754,6.14294491616685,8.60317717204248,4.35891089513739,1
"GSM1116216_BC16_ARN0098_s1h1s1_U133p2.CEL.gz",8.73403661381643,6.51489576110467,8.14592528750505,8.58632022542473,5.13327259956378,6.99852512990204,6.54911162061491,4.28560558691104,8.25157455713046,5.42279955341508,3.17193695252577,5.30874610269598,10.0234904978867,4.06265057835322,5.95277631133803,5.78743849676185,11.0593342271702,9.66132354309362,6.77087961786729,6.65089543473701,3.68279382748526,1
"GSM1116217_BC16_ARN0099_s1h1s1_U133p2.CEL.gz",3.3778293936039,3.94456209420478,8.59092211348711,8.13892152234192,6.27592880424393,7.25952965528669,7.21692603377709,3.49520117512602,8.02023871992003,6.52850586804367,3.86864438584404,5.59730266319386,8.75623134945411,4.26042778518137,6.70182366929273,6.14381015404726,11.0740330092247,8.59150175902241,7.95822717439282,6.41963787897611,7.04285776166727,1
"GSM1116218_BC16_ARN0100_s1h1s1_U133p2.CEL.gz",3.26838432450359,5.66410003059533,5.60506206831021,9.47453152765109,3.98877259911633,6.14788031942382,4.09176011178399,3.13340747757614,7.68205592729369,5.08631965497895,3.02636551228929,4.57988250542727,8.86255513919948,3.57161090295185,5.58772579962494,4.94582948490982,6.20574229939401,9.707866951401,6.00104463735353,6.21313864525034,3.77444918991002,1
"GSM1116219_BC16_ARN0101_s1h1s1_U133p2.CEL.gz",3.61341114953364,3.14108900815099,7.97784742976158,3.07520617931279,4.55523877148622,6.69340631445018,4.92789440334879,3.44225088063554,8.25625893933429,5.30131701776579,3.951875825691,4.68652503329661,9.88669137388244,8.5316024379113,6.67706071034099,5.93816126562522,12.4836933017301,10.5701546253741,4.92866667922276,6.54263245444605,3.91210521367609,1
"GSM1116220_BC16_ARN0104_s1h1s1_U133p2.CEL.gz",6.59039137858443,5.35095422801054,7.26496975194854,5.61055219188323,6.18807220421899,8.01657922994949,8.37259367557552,3.71408818089464,7.00944035123512,7.10478181262593,6.08070423854378,5.90288914898907,10.2021869850745,8.59520755230297,7.53714657793816,6.29532611766904,9.44945103421127,8.14897490326938,5.2956046454533,5.77721589086372,8.58984872670757,1
"GSM1116221_BC16_ARN0105_s1h1s1_U133p2.CEL.gz",4.10159686037146,5.00070051459283,6.9365956920046,5.44743075492587,5.50624025628192,7.49227619904754,4.66765605694993,4.30412612414098,8.14502331939534,6.01605955576015,4.56770137804954,5.16370574531251,8.95804521659091,4.54986499849736,5.95378706317613,6.72815866037993,10.7705755784361,9.20424129236252,5.98412261370052,5.58101061059176,4.00316063388266,1
"GSM1116222_BC16_ARN0106_s1h1s1_U133p2.CEL.gz",3.49274623973613,7.45782822963494,7.65088574975151,8.35232997172024,5.20824374128167,7.21817942638684,3.91551998014961,3.69233193265093,8.27023270928491,5.94532355259836,4.83539920399036,4.41239874398962,8.05011483049857,4.08786628853734,6.33835969879507,6.3815365045317,12.5222083636131,12.2815835370421,6.25482032754038,5.81233836550827,3.93316959585314,1
"GSM1116223_BC16_ARN0111_s1h1s1_U133p2.CEL.gz",4.94154078704166,4.16846337565384,6.54823120803447,6.75213540508103,6.63131190707846,7.58974942922898,8.25404019906451,4.30078431957162,6.22352994179409,6.50678522711644,5.87435665674834,4.98668862861552,10.7523273900863,5.96966349356368,7.22543350665293,6.72868245227522,8.53433517166681,7.78384570176648,5.00375565228635,6.54560493346737,5.06336223463708,1
"GSM1116224_BC16_ARN0112_s1h1s1_U133p2.CEL.gz",6.53330387832697,4.10612613454664,8.45602332703549,5.55406882593969,3.98131970597752,7.0617621382489,5.7596327183627,4.3742896818989,7.2535031833784,5.60348057664938,3.71935566488927,4.58711214398741,9.63563381251496,7.95721818022673,6.30627027304453,5.85191775244164,10.3786448455064,9.19000808887064,6.85456023279093,5.80229801656777,4.14649357257274,1
"GSM1116225_BC16_ARN0113_s1h1s1_U133p2.CEL.gz",6.43362505963883,6.20786064955461,5.86586739396389,7.90656864393018,7.11502625547645,6.87365141292437,5.05520831943577,3.77676720036898,7.46293220304891,5.64212244373112,3.1097446172846,4.34475245893956,13.4214886483113,5.18251533839321,6.15962504101248,6.08267282831812,14.0337364977038,12.5099527773147,7.77151920081705,5.74989088553287,3.88415889537365,1
"GSM1116226_BC16_ARN0115_s1h1s1_U133p2.CEL.gz",4.03790202218316,3.18429757903554,6.85650006545823,7.18373565799651,4.59973753627462,6.28522629074202,4.10259617483906,3.85057105890821,8.68933269172046,4.69218218749771,2.9118608167599,7.25394305429985,5.88782261241237,6.51830212414054,5.82481936436025,5.63333365808926,10.2822850069424,7.33767695080288,7.33615682655044,5.23680829484319,3.75296496732369,1
"GSM1116227_BC16_ARN0116_s1h1s1_U133p2.CEL.gz",4.6542669103153,3.01786044590516,5.93619894349902,3.25399122683492,3.6092979429613,7.2356024578528,3.78463582973007,3.30456418131065,7.89750521356618,5.24516981750278,3.68181313755569,6.39348823856427,4.47137263461447,4.19419401159417,6.94804451584239,6.53154729476012,6.16974620792338,6.9059514797036,5.16703733219736,5.97824157566584,4.77233604821064,1
"GSM1116228_BC16_ARN0119_s1h1s1_U133p2.CEL.gz",5.48183525613209,6.45275491934099,8.34078753763165,8.63725978014232,3.7621298480196,6.28411768574658,6.25753790306609,3.4521842614557,7.83310227667475,4.98666955495386,3.41837452623924,5.47866531344118,8.35770319709469,6.72249597741672,5.7012296260491,5.48663369923513,10.3153587966263,10.5918193770191,5.72368282106981,5.83455860909942,3.59918129600329,1
"GSM1116229_BC16_ARN0122_s1h1s1_U133p2.CEL.gz",4.72951334517605,3.61305471990495,6.6942014786602,4.52401644286062,3.77531821239087,6.52299189252766,4.56318017411745,3.03601719713479,8.29657693881,5.2901245786962,3.09058408014296,5.20184913195009,4.65305450397969,4.76971132559897,7.08530150528865,4.92595487758764,10.9438065782467,8.05101971621619,5.36494711247216,6.03205500300802,4.0525130731294,1
"GSM1116230_BC16_ARN0123_s1h1s1_U133p2.CEL.gz",3.4986346272497,3.07389028574544,7.27861364453384,3.88184408598774,3.52360100800756,7.50176492976585,4.46553207452142,3.72435666428662,8.26004394655127,5.96448012493529,3.45906514996174,4.58967098523915,6.14067000675496,3.66049045451994,5.87190265474211,5.55387420971209,6.86024266878355,10.2151373384474,4.30912397053276,8.35061220561251,3.77736626733289,1
"GSM1116231_BC16_ARN0125_s1h1s1_U133p2.CEL.gz",4.00046284156208,6.51718882680231,6.25607957941769,7.42696083392425,4.47879087586024,7.15841928597094,4.93154066179445,3.83440605889818,8.71244422906133,5.74365877980835,5.45309111284989,5.13346380718917,11.0900472240935,5.70096079745604,6.16859957823278,6.00097967783205,8.61767649651988,8.04278604834766,7.333382539035,5.39282294258203,3.75246232698221,1
"GSM1116232_BC16_ARN0126_s1h1s1_U133p2.CEL.gz",3.39577343041209,5.55260854402484,6.39716017182102,5.21874157752913,3.8507560388531,6.7337285876422,4.79148276949001,3.4594306484555,7.7649208872098,5.45796188979646,4.61104892901979,5.2859799298299,8.1099483338541,7.38810148452814,5.36013617274804,6.06380844539534,5.93209073957983,6.3756104809876,7.53707160509514,7.59236759580517,4.06409502903575,1
"GSM1116233_BC16_ARN0129_s1h1s1_U133p2.CEL.gz",6.63981066402078,6.85951843754803,6.46706359625304,9.16183560618264,3.96612207491118,6.63884489604545,3.6614501524342,3.92781369088619,7.90139125717887,4.87516454478657,3.92129733955345,3.91587931772096,4.27483064235039,8.88771078801832,5.81153099590044,5.46173590065891,13.2250381690432,10.3743587519557,4.69683127228069,4.96342851393862,3.86031835405056,1
"GSM1116234_BC16_ARN0132_s1h1s1_U133p2.CEL.gz",9.35210878185581,3.02862948429878,8.23566188943537,3.34464494603135,4.21288117521321,6.35606889107467,4.98853333168778,6.74904780964568,7.88266906154488,5.23574767708113,3.50362622296806,4.62437210835192,9.78327473772428,4.25057681865092,5.54917797547977,5.48293700028043,12.8451976514744,8.90775934195049,7.89803161489782,6.04554662644074,3.95414264794566,1
"GSM1116235_BC16_ARN0133_s1h1s1_U133p2.CEL.gz",6.62638454217583,5.88259163794794,6.78275188408993,8.19718798103883,3.66211182820051,6.73015162060024,5.13028188555811,6.42827971628417,8.2430002181957,5.90548382654139,2.97061457963103,4.41213042159155,6.98170315464314,3.53062927063434,5.94697323930393,5.22281847151574,8.38823370566377,8.6430106454138,6.48243589610273,7.88191190276343,4.31823985194034,1
"GSM1116236_BC16_ARN0135_s1h1s1_U133p2.CEL.gz",3.33244232162252,3.61260190614763,7.14615873527777,3.3594324260186,4.18152655133722,6.66138070621873,5.7492928640058,3.7283422093022,8.65447311932986,6.05591601461301,3.25645892640582,7.14446787912328,6.23867554239984,3.73606555021342,5.74827972381603,5.60069441094833,5.63550022755519,7.78018691094768,4.98955646991711,7.9792493756418,3.99402206137107,1
"GSM1116237_BC16_ARN0136_s1h1s1_U133p2.CEL.gz",7.337047977082,7.05780820771909,7.49895668678957,8.84890236805062,5.2204680397118,7.32862406012864,6.91951815960964,4.05698241442682,7.41978076241857,6.21853524515698,4.25334408519978,4.56303092704299,5.60637033941966,4.91576852739429,6.41657623174123,6.41254092478219,14.1176493194601,13.0587809552858,5.56676243994765,5.51790521547695,4.56876949788077,1
"GSM1116238_BC16_ARN0137_s1h1s1_U133p2.CEL.gz",5.86188015278823,4.58570185578077,7.43894637856542,3.58532506804482,4.4681874992614,7.01899585407266,4.92889676212081,3.84899742965031,8.63026469951475,5.46990927556404,4.43622536954661,9.15250736739479,5.70613224750294,9.49347954690709,6.19051285953202,5.70441499334368,11.9234846796859,9.65785149596945,4.86786203787047,5.79857432341008,4.07661638850395,1
